signal,length_mm,corner,z0_ohm,driver_ohm,series_ohm,load_pf,driver_rise_ns,input_pulldown_ohm,pulldown_dc_current_at_3p3_ua,pulldown_rc_at_10pf_us,maximum_v,minimum_v,overshoot_pct,threshold_75pct_ns,rise_10_90_ns,settle_10pct_ns
A_GPIO15,16.44,low_z_fast,45.0,15.0,0.0,5.0,0.8,100000,33.0,1.0,3.6942,0.0,11.95,0.692,0.523,1.182
A_GPIO15,16.44,nominal,60.0,30.0,0.0,8.0,1.5,100000,33.0,1.0,3.3762,0.0,2.31,1.413,1.182,1.641
A_GPIO15,16.44,high_z_fast,85.0,15.0,0.0,10.0,0.8,100000,33.0,1.0,4.2924,0.0,30.07,0.873,0.573,2.58
A_GPIO15,16.44,high_c_slow,70.0,45.0,0.0,10.0,3.0,100000,33.0,1.0,3.2992,0.0,0.0,2.765,2.475,3.229
A_GPIO16,10.99,low_z_fast,45.0,15.0,0.0,5.0,0.8,100000,33.0,1.0,3.5362,0.0,7.16,0.679,0.566,0.806
A_GPIO16,10.99,nominal,60.0,30.0,0.0,8.0,1.5,100000,33.0,1.0,3.3241,0.0,0.73,1.398,1.212,1.629
A_GPIO16,10.99,high_z_fast,85.0,15.0,0.0,10.0,0.8,100000,33.0,1.0,3.9847,0.0,20.75,0.811,0.562,1.58
A_GPIO16,10.99,high_c_slow,70.0,45.0,0.0,10.0,3.0,100000,33.0,1.0,3.2992,0.0,0.0,2.743,2.495,3.211
A_GPIO17,17.3,low_z_fast,45.0,15.0,0.0,5.0,0.8,100000,33.0,1.0,3.7241,0.0,12.85,0.696,0.519,1.209
A_GPIO17,17.3,nominal,60.0,30.0,0.0,8.0,1.5,100000,33.0,1.0,3.3849,0.0,2.57,1.415,1.177,1.643
A_GPIO17,17.3,high_z_fast,85.0,15.0,0.0,10.0,0.8,100000,33.0,1.0,4.3321,0.0,31.28,0.883,0.575,2.657
A_GPIO17,17.3,high_c_slow,70.0,45.0,0.0,10.0,3.0,100000,33.0,1.0,3.2992,0.0,0.0,2.768,2.471,3.232
A_GPIO18,11.85,low_z_fast,45.0,15.0,0.0,5.0,0.8,100000,33.0,1.0,3.5567,0.0,7.78,0.679,0.558,0.803
A_GPIO18,11.85,nominal,60.0,30.0,0.0,8.0,1.5,100000,33.0,1.0,3.3318,0.0,0.96,1.401,1.207,1.631
A_GPIO18,11.85,high_z_fast,85.0,15.0,0.0,10.0,0.8,100000,33.0,1.0,4.0406,0.0,22.44,0.821,0.562,1.625
A_GPIO18,11.85,high_c_slow,70.0,45.0,0.0,10.0,3.0,100000,33.0,1.0,3.2992,0.0,0.0,2.747,2.492,3.214
A_GPIO4,13.08,low_z_fast,45.0,15.0,0.0,5.0,0.8,100000,33.0,1.0,3.5895,0.0,8.77,0.681,0.546,0.8
A_GPIO4,13.08,nominal,60.0,30.0,0.0,8.0,1.5,100000,33.0,1.0,3.3434,0.0,1.32,1.404,1.2,1.634
A_GPIO4,13.08,high_z_fast,85.0,15.0,0.0,10.0,0.8,100000,33.0,1.0,4.1149,0.0,24.69,0.835,0.565,1.687
A_GPIO4,13.08,high_c_slow,70.0,45.0,0.0,10.0,3.0,100000,33.0,1.0,3.2992,0.0,0.0,2.751,2.487,3.218
A_GPIO5,7.58,low_z_fast,45.0,15.0,0.0,5.0,0.8,100000,33.0,1.0,3.4685,0.0,5.1,0.684,0.598,0.811
A_GPIO5,7.58,nominal,60.0,30.0,0.0,8.0,1.5,100000,33.0,1.0,3.3012,0.0,0.04,1.388,1.232,1.621
A_GPIO5,7.58,high_z_fast,85.0,15.0,0.0,10.0,0.8,100000,33.0,1.0,3.7348,0.0,13.18,0.775,0.569,1.363
A_GPIO5,7.58,high_c_slow,70.0,45.0,0.0,10.0,3.0,100000,33.0,1.0,3.2992,0.0,0.0,2.73,2.508,3.2
A_GPIO6,13.87,low_z_fast,45.0,15.0,0.0,5.0,0.8,100000,33.0,1.0,3.6126,0.0,9.47,0.683,0.539,0.799
A_GPIO6,13.87,nominal,60.0,30.0,0.0,8.0,1.5,100000,33.0,1.0,3.3511,0.0,1.55,1.406,1.196,1.636
A_GPIO6,13.87,high_z_fast,85.0,15.0,0.0,10.0,0.8,100000,33.0,1.0,4.1599,0.0,26.06,0.844,0.566,1.724
A_GPIO6,13.87,high_c_slow,70.0,45.0,0.0,10.0,3.0,100000,33.0,1.0,3.2992,0.0,0.0,2.755,2.484,3.221
A_GPIO7,8.41,low_z_fast,45.0,15.0,0.0,5.0,0.8,100000,33.0,1.0,3.4843,0.0,5.58,0.682,0.591,0.811
A_GPIO7,8.41,nominal,60.0,30.0,0.0,8.0,1.5,100000,33.0,1.0,3.3049,0.0,0.15,1.391,1.227,1.623
A_GPIO7,8.41,high_z_fast,85.0,15.0,0.0,10.0,0.8,100000,33.0,1.0,3.7991,0.0,15.12,0.783,0.565,1.424
A_GPIO7,8.41,high_c_slow,70.0,45.0,0.0,10.0,3.0,100000,33.0,1.0,3.2992,0.0,0.0,2.733,2.505,3.203
B_GPIO15,15.08,low_z_fast,45.0,15.0,0.0,5.0,0.8,100000,33.0,1.0,3.6503,0.0,10.61,0.687,0.531,1.131
B_GPIO15,15.08,nominal,60.0,30.0,0.0,8.0,1.5,100000,33.0,1.0,3.3628,0.0,1.9,1.409,1.189,1.638
B_GPIO15,15.08,high_z_fast,85.0,15.0,0.0,10.0,0.8,100000,33.0,1.0,4.2244,0.0,28.01,0.858,0.569,2.439
B_GPIO15,15.08,high_c_slow,70.0,45.0,0.0,10.0,3.0,100000,33.0,1.0,3.2992,0.0,0.0,2.759,2.48,3.224
B_GPIO16,9.62,low_z_fast,45.0,15.0,0.0,5.0,0.8,100000,33.0,1.0,3.5073,0.0,6.28,0.68,0.58,0.809
B_GPIO16,9.62,nominal,60.0,30.0,0.0,8.0,1.5,100000,33.0,1.0,3.3129,0.0,0.39,1.395,1.22,1.626
B_GPIO16,9.62,high_z_fast,85.0,15.0,0.0,10.0,0.8,100000,33.0,1.0,3.8894,0.0,17.86,0.796,0.562,1.502
B_GPIO16,9.62,high_c_slow,70.0,45.0,0.0,10.0,3.0,100000,33.0,1.0,3.2992,0.0,0.0,2.738,2.5,3.207
B_GPIO17,15.91,low_z_fast,45.0,15.0,0.0,5.0,0.8,100000,33.0,1.0,3.6768,0.0,11.42,0.69,0.526,1.164
B_GPIO17,15.91,nominal,60.0,30.0,0.0,8.0,1.5,100000,33.0,1.0,3.371,0.0,2.15,1.412,1.185,1.64
B_GPIO17,15.91,high_z_fast,85.0,15.0,0.0,10.0,0.8,100000,33.0,1.0,4.2666,0.0,29.29,0.867,0.571,2.528
B_GPIO17,15.91,high_c_slow,70.0,45.0,0.0,10.0,3.0,100000,33.0,1.0,3.2992,0.0,0.0,2.763,2.477,3.227
B_GPIO18,10.46,low_z_fast,45.0,15.0,0.0,5.0,0.8,100000,33.0,1.0,3.5245,0.0,6.8,0.679,0.572,0.807
B_GPIO18,10.46,nominal,60.0,30.0,0.0,8.0,1.5,100000,33.0,1.0,3.3195,0.0,0.59,1.397,1.215,1.628
B_GPIO18,10.46,high_z_fast,85.0,15.0,0.0,10.0,0.8,100000,33.0,1.0,3.9488,0.0,19.66,0.805,0.562,1.551
B_GPIO18,10.46,high_c_slow,70.0,45.0,0.0,10.0,3.0,100000,33.0,1.0,3.2992,0.0,0.0,2.741,2.497,3.209
B_GPIO4,15.02,low_z_fast,45.0,15.0,0.0,5.0,0.8,100000,33.0,1.0,3.6483,0.0,10.56,0.686,0.531,1.127
B_GPIO4,15.02,nominal,60.0,30.0,0.0,8.0,1.5,100000,33.0,1.0,3.3623,0.0,1.89,1.409,1.19,1.638
B_GPIO4,15.02,high_z_fast,85.0,15.0,0.0,10.0,0.8,100000,33.0,1.0,4.2213,0.0,27.92,0.857,0.569,2.432
B_GPIO4,15.02,high_c_slow,70.0,45.0,0.0,10.0,3.0,100000,33.0,1.0,3.2992,0.0,0.0,2.759,2.48,3.224
B_GPIO5,8.5,low_z_fast,45.0,15.0,0.0,5.0,0.8,100000,33.0,1.0,3.486,0.0,5.64,0.682,0.591,0.811
B_GPIO5,8.5,nominal,60.0,30.0,0.0,8.0,1.5,100000,33.0,1.0,3.3054,0.0,0.16,1.391,1.226,1.623
B_GPIO5,8.5,high_z_fast,85.0,15.0,0.0,10.0,0.8,100000,33.0,1.0,3.806,0.0,15.33,0.784,0.565,1.431
B_GPIO5,8.5,high_c_slow,70.0,45.0,0.0,10.0,3.0,100000,33.0,1.0,3.2992,0.0,0.0,2.733,2.504,3.203
B_GPIO6,13.94,low_z_fast,45.0,15.0,0.0,5.0,0.8,100000,33.0,1.0,3.6147,0.0,9.54,0.683,0.539,0.798
B_GPIO6,13.94,nominal,60.0,30.0,0.0,8.0,1.5,100000,33.0,1.0,3.3517,0.0,1.57,1.406,1.195,1.636
B_GPIO6,13.94,high_z_fast,85.0,15.0,0.0,10.0,0.8,100000,33.0,1.0,4.1637,0.0,26.17,0.845,0.566,1.728
B_GPIO6,13.94,high_c_slow,70.0,45.0,0.0,10.0,3.0,100000,33.0,1.0,3.2992,0.0,0.0,2.755,2.484,3.221
B_GPIO7,7.93,low_z_fast,45.0,15.0,0.0,5.0,0.8,100000,33.0,1.0,3.4753,0.0,5.31,0.683,0.595,0.811
B_GPIO7,7.93,nominal,60.0,30.0,0.0,8.0,1.5,100000,33.0,1.0,3.3026,0.0,0.08,1.389,1.23,1.622
B_GPIO7,7.93,high_z_fast,85.0,15.0,0.0,10.0,0.8,100000,33.0,1.0,3.7621,0.0,14.0,0.778,0.567,1.39
B_GPIO7,7.93,high_c_slow,70.0,45.0,0.0,10.0,3.0,100000,33.0,1.0,3.2992,0.0,0.0,2.731,2.507,3.202
